[
  {
    "orderId": "ZB100001",
    "orderDate": "2025-07-04 10:15:00",
    "customer": {
      "fullName": "Karthik R",
      "email": "karthik@example.com",
      "phone": "9876543210",
      "address": "12 Gandhi Street",
      "city": "Chennai",
      "pincode": "600001",
      "paymentMethod": "Cash"
    },
    "cart": [
      { "name": "Tomatoes", "quantity": 2, "price": 30 },
      { "name": "Onions", "quantity": 1, "price": 25 }
    ],
    "total": 85,
    "status": "Pending"
  },
  {
    "orderId": "ZB100002",
    "orderDate": "2025-07-04 13:00:00",
    "customer": {
      "fullName": "Divya S",
      "email": "divya@example.com",
      "phone": "9988776655",
      "address": "24 Beach Road",
      "city": "Mumbai",
      "pincode": "400001",
      "paymentMethod": "UPI"
    },
    "cart": [
      { "name": "Apples", "quantity": 3, "price": 50 },
      { "name": "Bananas", "quantity": 2, "price": 20 }
    ],
    "total": 190,
    "status": "Delivered"
  },
  {
    "orderId": "ZB100003",
    "orderDate": "2025-07-05 09:45:00",
    "customer": {
      "fullName": "Ravi Teja",
      "email": "ravi@example.com",
      "phone": "9012345678",
      "address": "22 Hillview",
      "city": "Hyderabad",
      "pincode": "500016",
      "paymentMethod": "Card"
    },
    "cart": [
      { "name": "Milk", "quantity": 2, "price": 30 },
      { "name": "Bread", "quantity": 1, "price": 40 }
    ],
    "total": 100,
    "status": "Out for Delivery"
  },
  {
    "orderId": "ZB100004",
    "orderDate": "2025-07-05 11:00:00",
    "customer": {
      "fullName": "Meena P",
      "email": "meena@example.com",
      "phone": "8123456789",
      "address": "7 Lake View",
      "city": "Bangalore",
      "pincode": "560001",
      "paymentMethod": "UPI"
    },
    "cart": [
      { "name": "Eggs", "quantity": 1, "price": 60 },
      { "name": "Cheese", "quantity": 1, "price": 120 }
    ],
    "total": 180,
    "status": "Pending"
  },
  {
    "orderId": "ZB100005",
    "orderDate": "2025-07-05 14:30:00",
    "customer": {
      "fullName": "Anjali M",
      "email": "anjali@example.com",
      "phone": "9988001122",
      "address": "42 MG Road",
      "city": "Delhi",
      "pincode": "110001",
      "paymentMethod": "Cash"
    },
    "cart": [
      { "name": "Rice", "quantity": 1, "price": 90 },
      { "name": "Dal", "quantity": 2, "price": 50 }
    ],
    "total": 190,
    "status": "Delivered"
  }
]
