[
    {
        "orderId": "ZB373039",
        "orderDate": "06\/07\/2025 3:21:56 am",
        "customer": {
            "fullName": "KARTHIKEYAN",
            "email": "karthikpandiyan@gmail.com",
            "phone": "09384238878",
            "address": "dcfkjhvlyufvh",
            "city": "Udumalpet",
            "pincode": "642126",
            "paymentMethod": "Cash"
        },
        "cart": [
            {
                "name": "Banana",
                "price": 10,
                "image": "images\/banana.jpg",
                "quantity": 1
            },
            {
                "name": "Tomato",
                "price": 20,
                "image": null,
                "quantity": 1
            }
        ],
        "total": 30,
        "status": "Pending"
    },
    {
        "orderId": "ZB298900",
        "orderDate": "06\/07\/2025, 03:30:45",
        "customer": {
            "fullName": "KARTHIKEYAN",
            "email": "karthikpandiyan@gmail.com",
            "phone": "09384238878",
            "address": "dcfkjhvlyufvh",
            "city": "Udumalpet",
            "pincode": "642126",
            "paymentMethod": "Cash"
        },
        "cart": [
            {
                "name": "Potato Chips",
                "price": 60,
                "image": "images\/milk.jpg",
                "quantity": 1
            },
            {
                "name": "Green Lays",
                "price": 70,
                "image": "banana.jpg",
                "quantity": 1
            }
        ],
        "total": 130,
        "status": "Pending"
    }
]